0xb8f226ddb7bc672e27dffb67e4adabfa8c0dfa08,https://etherscan.io/address/0xb8f226ddb7bc672e27dffb67e4adabfa8c0dfa08#analytics,['from', '772', 'days', '22', 'hrs', 'ago'],['from', '2103', 'days', '22', 'hrs', 'ago'],1251.46,29.63417489646391,20568.22
0xb8f226ddb7bc672e27dffb67e4adabfa8c0dfa08,https://etherscan.io/address/0xb8f226ddb7bc672e27dffb67e4adabfa8c0dfa08#analytics,['from', '772', 'days', '22', 'hrs', 'ago'],['from', '2103', 'days', '22', 'hrs', 'ago'],1251.46,29.63417489646391,20568.22
0xb8f226ddb7bc672e27dffb67e4adabfa8c0dfa08,https://etherscan.io/address/0xb8f226ddb7bc672e27dffb67e4adabfa8c0dfa08#analytics,772,days,22,hrs,2103
0xb8f226ddb7bc672e27dffb67e4adabfa8c0dfa08,https://etherscan.io/address/0xb8f226ddb7bc672e27dffb67e4adabfa8c0dfa08#analytics,772,days,22,hrs,2103,days,22,hrs
0xb8f226ddb7bc672e27dffb67e4adabfa8c0dfa08,https://etherscan.io/address/0xb8f226ddb7bc672e27dffb67e4adabfa8c0dfa08#analytics,772,days,22,hrs,2103,days,22,hrs
0xb8f226ddb7bc672e27dffb67e4adabfa8c0dfa08,https://etherscan.io/address/0xb8f226ddb7bc672e27dffb67e4adabfa8c0dfa08#analytics,772,days,22,hrs,2103,days,22,hrs
0xb8f226ddb7bc672e27dffb67e4adabfa8c0dfa08,https://etherscan.io/address/0xb8f226ddb7bc672e27dffb67e4adabfa8c0dfa08#analytics,772,days,22,hrs,2103,days,22,hrs,1250.91,29.63417489646391,20568.22
0xb8f226ddb7bc672e27dffb67e4adabfa8c0dfa08,https://etherscan.io/address/0xb8f226ddb7bc672e27dffb67e4adabfa8c0dfa08#analytics,772,days,22,hrs,2103,days,22,hrs,1250.93,29.63417489646391,20568.22
0xb8f226ddb7bc672e27dffb67e4adabfa8c0dfa08,https://etherscan.io/address/0xb8f226ddb7bc672e27dffb67e4adabfa8c0dfa08#analytics,772,days,22,hrs,2103,days,22,hrs,1250.93,29.63417489646391,20568.22
0xb8f226ddb7bc672e27dffb67e4adabfa8c0dfa08,https://etherscan.io/address/0xb8f226ddb7bc672e27dffb67e4adabfa8c0dfa08#analytics,772,days,22,hrs,2103,days,22,hrs,1251.14,29.63417489646391,20568.22
0xb8f226ddb7bc672e27dffb67e4adabfa8c0dfa08,https://etherscan.io/address/0xb8f226ddb7bc672e27dffb67e4adabfa8c0dfa08#analytics,772,days,22,hrs,2103,days,22,hrs,1251.14,29.63417489646391,20568.22
0xb8f226ddb7bc672e27dffb67e4adabfa8c0dfa08,https://etherscan.io/address/0xb8f226ddb7bc672e27dffb67e4adabfa8c0dfa08#analytics,772,days,22,hrs,2103,days,22,hrs,1251.14,29.63417489646391,20568.22
0xb8f226ddb7bc672e27dffb67e4adabfa8c0dfa08,https://etherscan.io/address/0xb8f226ddb7bc672e27dffb67e4adabfa8c0dfa08#analytics,772,days,22,hrs,2103,days,22,hrs,1251.11,29.63417489646391,20568.22
0xb8f226ddb7bc672e27dffb67e4adabfa8c0dfa08,https://etherscan.io/address/0xb8f226ddb7bc672e27dffb67e4adabfa8c0dfa08#analytics,772,days,22,hrs,2103,days,22,hrs,1251.11,29.63417489646391,20568.22
0xc9ccd0d6311f2fe7c1d8d4c28396c700f47ce452,https://etherscan.io/address/0xc9ccd0d6311f2fe7c1d8d4c28396c700f47ce452#analytics,1,day,20,hrs,2147,days,20,hrs,1.05,11.287148383194342,22209.38
